{"cameraMode":{"drawMode":0,"name":"Shaded","section":"Shading Mode"},"sceneLighting":true,"audioPlay":false,"sceneViewState":{"m_AlwaysRefresh":false,"showFog":true,"showSkybox":true,"showFlares":true,"showImageEffects":true,"showParticleSystems":true,"showVisualEffectGraphs":true,"m_FxEnabled":true},"in2DMode":false,"pivot":{"x":7.450580596923828e-9,"y":0.4230000376701355,"z":0.06007756292819977},"rotation":{"x":-0.0957273319363594,"y":-0.19664838910102845,"z":0.019299527630209924,"w":-0.9755921959877014},"size":0.9980132579803467,"orthographic":false}