{"cameraMode":{"drawMode":0,"name":"Shaded","section":"Shading Mode"},"sceneLighting":true,"audioPlay":false,"sceneViewState":{"m_AlwaysRefresh":false,"showFog":true,"showSkybox":true,"showFlares":true,"showImageEffects":true,"showParticleSystems":true,"showVisualEffectGraphs":true,"m_FxEnabled":true},"in2DMode":false,"pivot":{"x":0.42235708236694338,"y":0.7303974032402039,"z":-0.11819849908351898},"rotation":{"x":-0.1620618999004364,"y":-0.27938464283943179,"z":0.04790743067860603,"w":-0.9451895952224731},"size":2.6284193992614748,"orthographic":false}